{
  "timestamp": "2026-01-06T18:14:32.379Z",
  "iterations": 100,
  "warmupRuns": 5,
  "results": {
    "native": {
      "clean": {
        "mean": 256.02284625,
        "median": 254.328916,
        "min": 230.536584,
        "max": 299.796375,
        "stdDev": 12.24495062284697,
        "p95": 278.075334,
        "p99": 299.796375
      },
      "incremental": {
        "mean": 263.78185457,
        "median": 258.529958,
        "min": 232.034959,
        "max": 323.919583,
        "stdDev": 20.852416925583103,
        "p95": 308.800125,
        "p99": 323.919583
      }
    },
    "regular": {
      "clean": {
        "mean": 1574.4989846199992,
        "median": 1517.421792,
        "min": 1404.253209,
        "max": 2122.949,
        "stdDev": 160.2148459150519,
        "p95": 1987.667375,
        "p99": 2122.949
      },
      "incremental": {
        "mean": 1464.6626358899998,
        "median": 1425.379459,
        "min": 1261.41625,
        "max": 2192.894083,
        "stdDev": 160.78443039315397,
        "p95": 1854.189958,
        "p99": 2192.894083
      }
    }
  },
  "comparison": {
    "cleanBuildSpeedup": 6.1498378276856585,
    "incrementalBuildSpeedup": 5.552552651044165,
    "cleanBuildImprovement": "515.0%",
    "incrementalBuildImprovement": "455.3%"
  }
}
